{"cameraMode":{"drawMode":0,"name":"Shaded","section":"Shading Mode"},"sceneLighting":true,"audioPlay":false,"sceneViewState":{"m_AlwaysRefresh":false,"showFog":true,"showSkybox":true,"showFlares":true,"showImageEffects":true,"showParticleSystems":true,"showVisualEffectGraphs":true,"m_FxEnabled":true},"in2DMode":false,"pivot":{"x":13.567989349365235,"y":-7.372074127197266,"z":26.652267456054689},"rotation":{"x":0.25254228711128237,"y":0.0003024197358172387,"z":-0.00007504309178330004,"w":0.967577338218689},"size":22.76203155517578,"orthographic":false}